key,explanation or purpose,en,de,pl,br
demo_map,,Demo Map,Demo-Karte,Mapa Demo,Mapa Demo
Options,,Options,Optionen,Opcje,Opções
Exit,,Exit,Ausfrahrt,Zamknij,Sair
Population:,Number of people in the region,Population:,Bevölkerung,Ludność,População
Food:,Resource type,Food:,Nahrung,Żywność,Alimentos
Wood:,Resource type,Wood:,Holz,Drewno,Madeira
Stone:,Resource type,Stone:,Stein,Kamień,Pedra
Iron:,Resource type,Iron:,Eisen,Żelazo,Ferro
Gold:,Resource type,Gold:,Gold,Złoto,Ouro
Select Target,Selecting either region or army to perform action,Select Target,Ziel wählen,Wybierz cel,Selecionar alvo
Growth:,Region's growth in %,Growth:,Wachstum,Rozwój,Crescimento
Region Level:,Region's upgrade level,Region Level:,Gebietsstufe,Poziom krainy,Nível da região
Income:,Amount of gold earned per turn,Income:,Einkommen,Dochód,Renda
Garrison:,"Local soldiers, defenders",Garrison:,Garnison:,Garnizon,Guarnição
Garrison,"Local soldiers, defenders",Garrison,Garnison,Garnizon,Guarnição
Defenses:,"Forticiation type, like castle, keep",Defenses:,Befestigungen,Umocnienia,Fortificações
Defense score:,How strong is defense in %,Defense score:,Abwehrwert,Siła obrony,Força defensiva
Recruits:,Number of soldiers to hire,Recruits:,Rekruten,Rekruci,Recrutas
Move Points:,Number of points army can use to move,Move Points:,Bewegungspunkte,Punkty ruchu,Pontos de movimento
Vigor:,"Represents stamina, will to fight",Vigor:,Kampfmoral,Zapał,Vigor
Men:,Number of soldiers in total,Men:,Mannstärke,Liczebność,Efetivo
Peasants:,Unit type,Peasants:,Bauern,Chłopi,Camponeses
Spearmen:,Unit type,Spearmen:,Speerträger,Włócznicy,Lanceiros
Archers:,Unit type,Archers:,Bogenschützen,Łucznicy,Arqueiros
Swordsmen:,Unit type,Swordsmen:,Schwertkämpfer,Miecznicy,Espadachins
Crossbowmen:,Unit type,Crossbowmen:,Armbrustschützen,Kusznicy,Besteiros
Horsemen:,Unit type,Horsemen:,Reiter,Jeźdźcy,Cavaleiros
Knights:,Unit type,Knights:,Ritter,Rycerze,Cavaleiros
Mounted Knights:,Unit type,Mounted Knights:,Berittene Ritter,Rycerze konni,Cavaleiros a cavalo
Royal Guard:,Unit type,Royal Guard:,Königsgarde,Gwardia,Guarda Real
Turn,Game Turn,Turn,Runde,Tura,Turno
End Turn,Button to end the game turn,End Turn,Zug beenden,Zakończ turę,Encerrar turno
Player,"Player 1, Player 2 etc.",Player,Spieler,Gracz,Jogador
Region Actions,"Available actions for the region like promote, build",Region Actions,Gebietsaktionen,Akcje krainy,Ações da região
Army Actions,"Available actions for the army like recruit, move",Army Actions,Armeeaktionen,Akcje armii,Ações do exército
Promote Region,"Upgrade, growth region to the next adiministrative level",Promote Region,Gebiet aufwerten,Awansuj krainę,Promover região
Recruit Soldiers,Button to hire new units,Recruit Soldiers,Soldaten rekrutieren,Zwerbuj żołnierzy,Recrutar soldados
Build Castle,Button to build castles,Build Castle,Burg errichten,Wznieś zamek,Construir castelo
Call to Arms,Action to gather units from neighbouring regions,Call to Arms,Aufgebot,Wezwanie do broni,Chamado às armas
Raise Army,Creating a new Army,Raise Army,Armee aufstellen,Wystaw armię,Erguer exército
Back,Button to move to the previous menu,Back,Zurück,Wstecz,Voltar
Make Camp,Action for the army to rest,Make Camp,Lager errichten,Rozbij obóz,Montar acampamento
Cancel Move,Button to cancel army's move,Cancel Move,Bewegung abbrechen,Anuluj ruch,Cancelar movimento
Next Army,Button to cycle between armies,Next Army,Nächste Armee,Następna armia,Próximo exército
(Press Tab),suggestion to press a keyboard Tab,(Press Tab),(Tab drücken),(Naciśnij Tab),(Pressione Tab)
Move Army,Action to order army to move,Move Army,Armee bewegen,Przemieść armię,Mover exército
Transfer Soldiers,Action to move units between armies,Transfer Soldiers,Soldaten verlegen,Przenieś żołnierzy,Transferir soldados
Recruits Available:,How many recruits player can hire,Recruits Available: ,Verfügbare Rekruten:,Dostępni rekruci:,Recrutas disponíveis:
Region,"Basic name for the piece of territory that can be owned or conquered, managed.",Region,Gebiet,Kraina,Região
Called,"To represent number of ""called recruits""",Called,Einberufen,Powołani,Convocados
Call,Label for action buttons to call recruits,Call,Rufen,Powołaj,Convocar
Available,Label for number of available recruits,Available,Verfügbar,Dostępni,Disponíveis
Total:,Total number of recruits,Total:,Gesamt:,Razem:,Total:
Cost,Cost of soldiers to hire,Cost,Kosten,Koszt,Custo
Outpost,Palisade with a small tower type of structure,Outpost,Außenposten,Posterunek,Posto avançado
Keep,"A stronger type of defense structure, palisade and stone tower",Keep,Bergfried,Donżon,Torre de menagem
Castle,Castle as a defense building,Castle,Burg,Zamek,Castelo
Stronghold,Huge type of castle,Stronghold,Festung,Twierdza,Fortaleza
Requires Outpost,Palisade with a small tower type of structure,Requires Outpost,Erfordert Außenposten,Wymaga posterunku,Requer posto avançado
Requires Keep,"A stronger type of defense structure, palisade and stone tower",Requires Keep,Erfordert Bergfried,Wymaga donżonu,Requer torre de menagem
Requires Castle,Castle as a defense building,Requires Castle,Erfordert Burg,Wymaga zamku,Requer castelo
Requires Strongold,Huge type of castle,Requires Strongold,Erfordert Festung,Wymaga twierdzy,Requer fortaleza
Continue,Button to continue action/close window,Continue,Fortfahren,Kontynuuj,Continuar
Shire,"Lowest level of regions administrative level, very poor region",Shire,Grafschaft,Ziemia,Condado
County,"Low level of regions administrative level, poor region",County,Grafschaft,Hrabstwo,Condado
March,"Average level of regions administrative level, medium wealth",March,Mark,Marchia,Marca
Duchy,"High level of regions administrative level, high wealth",Duchy,Herzogtum,Księstwo,Ducado
Province,"Very high level of regions administrative level, rich wealth",Province,Provinz,Prowincja,Província
New Game,Game Main Menu option,New Game,Neues Spiel,Nowa gra,Novo jogo
Load Game,Game Main Menu option,Load Game,Spiel laden,Wczytaj,Carregar
Campaign,"Game Main Menu option, campaign maps",Campaign,Kampagne,Kampania,Campanha
Scenario,"Game Main Menu option, scenario maps",Scenario,Szenario,Scenariusz,Cenário
Custom,"Game Main Menu option, custom game player can setup",Skirmish,Skirmish,Potyczka,Livre
Map Preview,A window title where player can see a preview of the map,Map Preview,Kartenansicht,Podgląd mapy,Pré-visualização do mapa
Select Map,A window title where player can select a map,Select Map,Karte auswählen,Wybierz mapę,Selecionar mapa
Select Map2,A button a that tells player to select a map,Select Map,Karte auswählen,Wybierz mapę,Selecionar mapa
Back to Menu,A button a that tells player to select a map,Back to Menu,Zurück zum Menü,Powrót do menu,Voltar ao menu
Scenario Description,A header title for section with a description of a scenario of the game,Scenario Description,Szenariobeschreibung,Opis scenariusza,Descrição do cenário
Difficulty Level,A header title for section where player select game difficulty,Difficulty Level,Schwierigkeitsgrad,Poziom trudności,Nível de dificuldade
Easy,A game difficulty,Easy,Leicht,Łatwy,Fácil
Normal,A game difficulty,Normal,Normal,Normalny,Normal
Hard,A game difficulty,Hard,Schwer,Trudny,Difícil
Victory Conditions,A header title for section with a description of win condition for select game scenario,Victory Conditions,Siegbedingungen,Warunki zwycięstwa,Condições de vitória
Start Game,Button to start the game,Start Game,Spiel starten,Rozpocznij grę,Iniciar jogo
Name,Map Name,Name,Name,Nazwa,Nome
Size,Map Size,Size,Größe,Rozmiar,Tamanho
Tiny,Map Size ,Tiny ,Sehr klein,Bardzo mała,Muito pequeno
Small,Map Size ,Small,Klein,Mała,Pequeno
Medium,Map Size ,Medium ,Mittel,Średnia,Médio
Large,Map Size ,Large,Groß,Duża,Grande
All,All maps,All,Alle,Wszystkie,Todos
Map Size,Title to select map sizes,Map Size,Kartengröße,Rozmiar mapy,Tamanho do mapa
Map Settings,Window title for selecting settings,Map Settings,Karteneinstellungen,Ustawienia mapy,Configurações do mapa
Human,Option for a player type,Human,Mensch,Człowiek,Humano
Computer,Option for a player type,Computer,Computer,Komputer,Computador
Off,Option for a player type,Off,Aus,Brak,Nenhum
Conquer,"A victory condition type, conquering all regions",Conquer,Erobern,Podbój,Conquistar
Dominate,"A victory condition type, domiante most of the map",Dominate,Dominanz,Dominacja,Dominar
Clouds,Graphic effect that display Clouds,Clouds,Wolken,Chmury,Nuvens
Show,option to show something,Show,Anzeigen,Pokaż,Mostrar
Hide,Option to hide something,Hide,Ausblenden,Ukryj,Ocultar
AI Turn Speed,Title for the option to control turn speed of the AI player,AI Turn Speed,KI-Zuggeschwindigkeit,Szybkość tury AI,Velocidade do turno da IA
Battle Speed,Title for the option to control speed of the battle,Battle Speed,Kampfgeschwindigkeit,Szybkość walki,Velocidade da batalha
Normal2,Normal speed of the game,Normal,Normal,Normalna,Normal
Fast,Speed level of the game,Fast,Schnell,Szybka,Rápido
Very Fast,Speed level of the game,Very Fast,Sehr schnell,Bardzo szybka,Muito rápido
Sound Volume,option to set sound volume level,Sound Volume,Lautstärke,Głośność dźwięku,Volume do som
Music Volume,option to set music volume level,Music Volume,Musiklautstärke,Głośność muzyki,Volume da música